product_id,product_name,category,subcategory,price,cost_price
1,Exercitationem iPhone,Mobiles,iPhone,69585,64830
2,Explicabo Android Phone,Mobiles,Android Phone,833,-1467
3,Explicabo iPhone,Mobiles,iPhone,70532,66322
4,Possimus Smartphone,Mobiles,Smartphone,53904,52730
5,Inventore iPhone,Mobiles,iPhone,69954,69014
6,Dolores Android Phone,Mobiles,Android Phone,9823,7914
7,Corporis Android Phone,Mobiles,Android Phone,32122,29554
8,Aliquid iPhone,Mobiles,iPhone,13280,11228
9,Corporis Smartphone,Mobiles,Smartphone,25572,22650
10,Neque Smartphone,Mobiles,Smartphone,37199,33704
11,Repellendus Android Phone,Mobiles,Android Phone,9668,7607
12,Totam Smartphone,Mobiles,Smartphone,75075,70285
13,Deleniti iPhone,Mobiles,iPhone,72181,69385
14,Tempore iPhone,Mobiles,iPhone,36109,33175
15,Odio iPhone,Mobiles,iPhone,49915,48600
16,Mollitia Android Phone,Mobiles,Android Phone,7175,6580
17,Ducimus Android Phone,Mobiles,Android Phone,69537,66303
18,Exercitationem Android Phone,Mobiles,Android Phone,52149,48226
19,Sequi Smartphone,Mobiles,Smartphone,32746,31598
20,A iPhone,Mobiles,iPhone,54162,52171
21,Voluptate Smartphone,Mobiles,Smartphone,22004,20420
22,Quae iPhone,Mobiles,iPhone,36787,32980
23,Perferendis iPhone,Mobiles,iPhone,76626,76158
24,Commodi iPhone,Mobiles,iPhone,74486,70495
25,Eos Smartphone,Mobiles,Smartphone,24148,22792
26,Id Android Phone,Mobiles,Android Phone,38860,38177
27,Rem iPhone,Mobiles,iPhone,67679,63146
28,Reiciendis Smartphone,Mobiles,Smartphone,77154,73482
29,Adipisci iPhone,Mobiles,iPhone,57705,56898
30,Voluptatibus Smartphone,Mobiles,Smartphone,52493,47876
31,Debitis iPhone,Mobiles,iPhone,69623,67065
32,Vel iPhone,Mobiles,iPhone,11699,9263
33,Ad Android Phone,Mobiles,Android Phone,11669,11027
34,Provident Android Phone,Mobiles,Android Phone,33113,28691
35,Ullam Android Phone,Mobiles,Android Phone,66927,66495
36,Exercitationem Android Phone,Mobiles,Android Phone,62857,58334
37,Fugiat iPhone,Mobiles,iPhone,55836,54143
38,Perferendis Android Phone,Mobiles,Android Phone,39241,38503
39,Odio Smartphone,Mobiles,Smartphone,27461,24376
40,Minima Android Phone,Mobiles,Android Phone,41630,38993
41,Provident Smartphone,Mobiles,Smartphone,4561,2116
42,Nesciunt Android Phone,Mobiles,Android Phone,35870,34373
43,Quis Android Phone,Mobiles,Android Phone,37281,32875
44,Omnis Android Phone,Mobiles,Android Phone,6142,6110
45,Quidem Smartphone,Mobiles,Smartphone,59830,55043
46,Dolorum iPhone,Mobiles,iPhone,45103,43252
47,Illo Smartphone,Mobiles,Smartphone,14663,11486
48,Impedit iPhone,Mobiles,iPhone,19881,16258
49,Ratione iPhone,Mobiles,iPhone,29288,27901
50,Sit Android Phone,Mobiles,Android Phone,11441,8844
51,Qui Android Phone,Mobiles,Android Phone,55112,51809
52,Cumque Smartphone,Mobiles,Smartphone,41342,40196
53,Sit iPhone,Mobiles,iPhone,8427,5354
54,Reiciendis iPhone,Mobiles,iPhone,13543,12356
55,Doloribus Smartphone,Mobiles,Smartphone,4972,3447
56,Libero Android Phone,Mobiles,Android Phone,17094,16288
57,Odio Smartphone,Mobiles,Smartphone,41660,40172
58,Vel Android Phone,Mobiles,Android Phone,69199,66430
59,Mollitia iPhone,Mobiles,iPhone,56693,55457
60,Perferendis Android Phone,Mobiles,Android Phone,66102,64840
61,Explicabo iPhone,Mobiles,iPhone,1837,1034
62,Culpa Android Phone,Mobiles,Android Phone,69791,66552
63,Qui iPhone,Mobiles,iPhone,68851,65313
64,Veritatis iPhone,Mobiles,iPhone,20394,16735
65,Earum Smartphone,Mobiles,Smartphone,79888,79477
66,Perspiciatis iPhone,Mobiles,iPhone,10783,6245
67,Amet iPhone,Mobiles,iPhone,49818,47803
68,Modi Android Phone,Mobiles,Android Phone,7082,4298
69,Quas Smartphone,Mobiles,Smartphone,20879,19794
70,Aperiam iPhone,Mobiles,iPhone,42423,38782
71,Ex Smartphone,Mobiles,Smartphone,21247,20344
72,Facere Smartphone,Mobiles,Smartphone,72121,71115
73,Quam Smartphone,Mobiles,Smartphone,28822,27976
74,Quas Smartphone,Mobiles,Smartphone,19268,17808
75,Aspernatur Android Phone,Mobiles,Android Phone,46398,41757
76,Mollitia Android Phone,Mobiles,Android Phone,68246,64835
77,Fugiat Smartphone,Mobiles,Smartphone,52520,49496
78,Perspiciatis Smartphone,Mobiles,Smartphone,9944,8682
79,Est Smartphone,Mobiles,Smartphone,55328,54455
80,Facere Android Phone,Mobiles,Android Phone,3368,127
81,Deleniti Smartphone,Mobiles,Smartphone,57337,55024
82,Alias iPhone,Mobiles,iPhone,42618,39818
83,Saepe iPhone,Mobiles,iPhone,18712,17466
84,Officia Smartphone,Mobiles,Smartphone,17019,13604
85,Libero iPhone,Mobiles,iPhone,46582,45144
86,Eum Android Phone,Mobiles,Android Phone,70716,69118
87,Ab iPhone,Mobiles,iPhone,8815,7706
88,Ea Android Phone,Mobiles,Android Phone,76838,73039
89,Et Smartphone,Mobiles,Smartphone,53657,51524
90,Error iPhone,Mobiles,iPhone,49357,46741
91,Odit Android Phone,Mobiles,Android Phone,51691,51182
92,Exercitationem Smartphone,Mobiles,Smartphone,56890,53300
93,Rem iPhone,Mobiles,iPhone,2103,-1112
94,Quaerat iPhone,Mobiles,iPhone,22759,18522
95,Iusto Android Phone,Mobiles,Android Phone,76968,75655
96,Laborum Smartphone,Mobiles,Smartphone,25946,24834
97,Similique Android Phone,Mobiles,Android Phone,1621,-1005
98,Autem Smartphone,Mobiles,Smartphone,31767,29256
99,Totam iPhone,Mobiles,iPhone,42055,38178
100,Aliquid Android Phone,Mobiles,Android Phone,22658,18886
101,Facilis Gaming Laptop,Laptops,Gaming Laptop,45779,40828
102,Totam Business Laptop,Laptops,Business Laptop,19417,18279
103,Provident Gaming Laptop,Laptops,Gaming Laptop,51852,48721
104,Consectetur Gaming Laptop,Laptops,Gaming Laptop,59618,57928
105,Maiores Gaming Laptop,Laptops,Gaming Laptop,24573,20242
106,Quam Ultrabook,Laptops,Ultrabook,42630,41944
107,Velit Business Laptop,Laptops,Business Laptop,79446,77319
108,Laudantium Business Laptop,Laptops,Business Laptop,55000,52309
109,Exercitationem Ultrabook,Laptops,Ultrabook,57427,54066
110,Iste Ultrabook,Laptops,Ultrabook,32389,29335
111,Voluptatem Gaming Laptop,Laptops,Gaming Laptop,74249,70298
112,Accusamus Ultrabook,Laptops,Ultrabook,25267,23454
113,Cumque Gaming Laptop,Laptops,Gaming Laptop,58168,53725
114,Rem Gaming Laptop,Laptops,Gaming Laptop,5886,2510
115,Doloribus Gaming Laptop,Laptops,Gaming Laptop,12295,9659
116,Itaque Gaming Laptop,Laptops,Gaming Laptop,22774,22659
117,Impedit Ultrabook,Laptops,Ultrabook,61385,56976
118,Aut Ultrabook,Laptops,Ultrabook,25268,22570
119,Molestias Gaming Laptop,Laptops,Gaming Laptop,32721,29532
120,Atque Ultrabook,Laptops,Ultrabook,79933,76988
121,Repellendus Business Laptop,Laptops,Business Laptop,15455,12346
122,Voluptates Gaming Laptop,Laptops,Gaming Laptop,44703,44069
123,Iusto Gaming Laptop,Laptops,Gaming Laptop,45643,41889
124,Minima Business Laptop,Laptops,Business Laptop,50581,48894
125,Accusantium Gaming Laptop,Laptops,Gaming Laptop,16761,15518
126,Nulla Gaming Laptop,Laptops,Gaming Laptop,58277,54370
127,Ipsam Gaming Laptop,Laptops,Gaming Laptop,40302,36609
128,Reprehenderit Business Laptop,Laptops,Business Laptop,60333,56614
129,Laborum Business Laptop,Laptops,Business Laptop,9978,9673
130,Soluta Business Laptop,Laptops,Business Laptop,22596,20832
131,Sequi Gaming Laptop,Laptops,Gaming Laptop,47516,47479
132,Et Ultrabook,Laptops,Ultrabook,26876,25323
133,Ratione Ultrabook,Laptops,Ultrabook,36791,34309
134,Veritatis Gaming Laptop,Laptops,Gaming Laptop,51435,51194
135,Repellat Ultrabook,Laptops,Ultrabook,44189,41945
136,Iure Gaming Laptop,Laptops,Gaming Laptop,71420,66983
137,Sunt Ultrabook,Laptops,Ultrabook,32642,29774
138,Maxime Gaming Laptop,Laptops,Gaming Laptop,36151,34119
139,Iste Business Laptop,Laptops,Business Laptop,24538,19733
140,Expedita Gaming Laptop,Laptops,Gaming Laptop,3840,2509
141,Optio Business Laptop,Laptops,Business Laptop,57429,54292
142,Laboriosam Ultrabook,Laptops,Ultrabook,3230,2681
143,In Ultrabook,Laptops,Ultrabook,63843,62842
144,Recusandae Business Laptop,Laptops,Business Laptop,9619,6745
145,Temporibus Gaming Laptop,Laptops,Gaming Laptop,3154,1336
146,Repellat Business Laptop,Laptops,Business Laptop,72976,72594
147,Modi Ultrabook,Laptops,Ultrabook,75826,74095
148,Minima Ultrabook,Laptops,Ultrabook,69418,66011
149,Blanditiis Gaming Laptop,Laptops,Gaming Laptop,36967,33341
150,Velit Business Laptop,Laptops,Business Laptop,29447,24461
151,Perferendis Business Laptop,Laptops,Business Laptop,56287,51461
152,Eaque Ultrabook,Laptops,Ultrabook,31476,30235
153,Error Business Laptop,Laptops,Business Laptop,7361,6209
154,Amet Gaming Laptop,Laptops,Gaming Laptop,71748,69980
155,Quisquam Ultrabook,Laptops,Ultrabook,25518,21370
156,Ea Gaming Laptop,Laptops,Gaming Laptop,63367,63309
157,Deserunt Ultrabook,Laptops,Ultrabook,10062,8912
158,Natus Gaming Laptop,Laptops,Gaming Laptop,18689,16172
159,Cum Gaming Laptop,Laptops,Gaming Laptop,60936,57066
160,Minima Gaming Laptop,Laptops,Gaming Laptop,19678,14994
161,Fuga Business Laptop,Laptops,Business Laptop,54849,54315
162,Atque Gaming Laptop,Laptops,Gaming Laptop,24125,21460
163,Nostrum Gaming Laptop,Laptops,Gaming Laptop,44396,42556
164,Quasi Gaming Laptop,Laptops,Gaming Laptop,27329,25184
165,Nihil Gaming Laptop,Laptops,Gaming Laptop,47506,45593
166,Enim Gaming Laptop,Laptops,Gaming Laptop,76967,76766
167,Aspernatur Gaming Laptop,Laptops,Gaming Laptop,41471,40673
168,Odit Business Laptop,Laptops,Business Laptop,51377,47640
169,Occaecati Business Laptop,Laptops,Business Laptop,31552,27863
170,Aperiam Gaming Laptop,Laptops,Gaming Laptop,68374,65198
171,Minus Gaming Laptop,Laptops,Gaming Laptop,66791,62568
172,Porro Gaming Laptop,Laptops,Gaming Laptop,57001,54288
173,Quo Gaming Laptop,Laptops,Gaming Laptop,26635,22004
174,Animi Ultrabook,Laptops,Ultrabook,27319,22723
175,Vitae Gaming Laptop,Laptops,Gaming Laptop,64942,62032
176,Non Ultrabook,Laptops,Ultrabook,42878,39078
177,Reprehenderit Ultrabook,Laptops,Ultrabook,60713,58676
178,Dicta Gaming Laptop,Laptops,Gaming Laptop,62462,58653
179,Beatae Gaming Laptop,Laptops,Gaming Laptop,17426,15348
180,Similique Business Laptop,Laptops,Business Laptop,67872,64027
181,Sit Business Laptop,Laptops,Business Laptop,9571,5339
182,Repudiandae Business Laptop,Laptops,Business Laptop,66933,66843
183,Voluptas Gaming Laptop,Laptops,Gaming Laptop,43593,41987
184,Reprehenderit Gaming Laptop,Laptops,Gaming Laptop,2388,1527
185,Beatae Gaming Laptop,Laptops,Gaming Laptop,14638,10236
186,Dolorem Gaming Laptop,Laptops,Gaming Laptop,23225,20178
187,Excepturi Gaming Laptop,Laptops,Gaming Laptop,23481,18716
188,Maiores Ultrabook,Laptops,Ultrabook,18188,14513
189,Corporis Gaming Laptop,Laptops,Gaming Laptop,23600,20454
190,Sequi Gaming Laptop,Laptops,Gaming Laptop,71817,68688
191,Recusandae Ultrabook,Laptops,Ultrabook,74420,69465
192,Blanditiis Business Laptop,Laptops,Business Laptop,52945,52809
193,Doloribus Ultrabook,Laptops,Ultrabook,29359,29288
194,Qui Gaming Laptop,Laptops,Gaming Laptop,32045,27953
195,Architecto Ultrabook,Laptops,Ultrabook,76580,73636
196,Eius Ultrabook,Laptops,Ultrabook,4700,3027
197,Occaecati Ultrabook,Laptops,Ultrabook,77459,73811
198,Sed Gaming Laptop,Laptops,Gaming Laptop,72380,68062
199,Fugiat Gaming Laptop,Laptops,Gaming Laptop,11392,8421
200,Recusandae Ultrabook,Laptops,Ultrabook,18125,16882
201,Animi Jeans,Fashion,Jeans,29953,27295
202,Officia Shoes,Fashion,Shoes,12865,8049
203,Voluptatibus Shoes,Fashion,Shoes,12181,9786
204,Magnam Shoes,Fashion,Shoes,72373,67601
205,Deserunt T-Shirt,Fashion,T-Shirt,36496,32469
206,Laborum Jeans,Fashion,Jeans,7353,4821
207,Ut T-Shirt,Fashion,T-Shirt,75038,72600
208,Delectus Jeans,Fashion,Jeans,1458,-3337
209,Quod Jeans,Fashion,Jeans,40875,40660
210,Eveniet T-Shirt,Fashion,T-Shirt,5170,4386
211,Iusto Shoes,Fashion,Shoes,59703,58738
212,Corporis Jeans,Fashion,Jeans,24883,21597
213,Laudantium Shoes,Fashion,Shoes,38497,34519
214,Ratione Shoes,Fashion,Shoes,75747,71512
215,Eveniet Shoes,Fashion,Shoes,4753,3681
216,Officia Shoes,Fashion,Shoes,36838,32747
217,At Jeans,Fashion,Jeans,9621,4671
218,Voluptatem Shoes,Fashion,Shoes,56165,54375
219,Consequatur T-Shirt,Fashion,T-Shirt,19911,19475
220,Eius T-Shirt,Fashion,T-Shirt,65241,61857
221,Ducimus Jeans,Fashion,Jeans,35804,35282
222,Ullam Shoes,Fashion,Shoes,59968,57486
223,Molestiae T-Shirt,Fashion,T-Shirt,42424,39237
224,Pariatur Shoes,Fashion,Shoes,47240,45658
225,Iste T-Shirt,Fashion,T-Shirt,937,-2256
226,Quibusdam T-Shirt,Fashion,T-Shirt,44486,40176
227,Quaerat T-Shirt,Fashion,T-Shirt,12826,12211
228,Magnam Jeans,Fashion,Jeans,79402,75175
229,Temporibus T-Shirt,Fashion,T-Shirt,7171,3966
230,Doloremque T-Shirt,Fashion,T-Shirt,64359,60815
231,In Jeans,Fashion,Jeans,14132,11594
232,Earum Shoes,Fashion,Shoes,60489,56290
233,Modi Jeans,Fashion,Jeans,14703,10464
234,Cupiditate Jeans,Fashion,Jeans,22752,20996
235,Quae Jeans,Fashion,Jeans,77281,74130
236,Labore Shoes,Fashion,Shoes,61080,58965
237,Cupiditate T-Shirt,Fashion,T-Shirt,56315,52873
238,Aperiam Jeans,Fashion,Jeans,16582,13031
239,Iste Jeans,Fashion,Jeans,47967,47524
240,Iste Shoes,Fashion,Shoes,56771,56569
241,Iste T-Shirt,Fashion,T-Shirt,43474,40090
242,Rerum Jeans,Fashion,Jeans,36270,34806
243,Error Shoes,Fashion,Shoes,24981,24648
244,Accusantium Jeans,Fashion,Jeans,22185,19450
245,Numquam Shoes,Fashion,Shoes,35766,35571
246,Laborum T-Shirt,Fashion,T-Shirt,11051,8063
247,Quas Jeans,Fashion,Jeans,20709,17350
248,Maiores T-Shirt,Fashion,T-Shirt,46780,42997
249,Rerum T-Shirt,Fashion,T-Shirt,49417,47145
250,Dolor Jeans,Fashion,Jeans,70529,69582
251,Libero Jeans,Fashion,Jeans,2283,-2150
252,Quaerat T-Shirt,Fashion,T-Shirt,48684,45416
253,Dignissimos Shoes,Fashion,Shoes,74226,71596
254,Explicabo T-Shirt,Fashion,T-Shirt,2715,636
255,Qui Shoes,Fashion,Shoes,71416,67327
256,Illo Jeans,Fashion,Jeans,37643,37538
257,Dolorum T-Shirt,Fashion,T-Shirt,48623,47863
258,Quibusdam T-Shirt,Fashion,T-Shirt,7046,6187
259,Animi T-Shirt,Fashion,T-Shirt,31494,31140
260,Similique T-Shirt,Fashion,T-Shirt,71553,66812
261,Ab Jeans,Fashion,Jeans,79663,79344
262,Tempore T-Shirt,Fashion,T-Shirt,61886,61600
263,Aliquid Jeans,Fashion,Jeans,47082,44099
264,Explicabo T-Shirt,Fashion,T-Shirt,23057,21851
265,Saepe T-Shirt,Fashion,T-Shirt,57941,53166
266,Aliquid T-Shirt,Fashion,T-Shirt,17143,12679
267,Reiciendis T-Shirt,Fashion,T-Shirt,31880,27264
268,In T-Shirt,Fashion,T-Shirt,50050,49558
269,Dolore T-Shirt,Fashion,T-Shirt,37810,37512
270,Quisquam Shoes,Fashion,Shoes,24441,19499
271,Expedita Jeans,Fashion,Jeans,31929,29423
272,Vitae Jeans,Fashion,Jeans,8375,8246
273,Eius Shoes,Fashion,Shoes,37905,33451
274,Amet Jeans,Fashion,Jeans,12848,9064
275,Veritatis T-Shirt,Fashion,T-Shirt,72657,69747
276,Iure Shoes,Fashion,Shoes,4664,3944
277,Rerum Shoes,Fashion,Shoes,25129,23162
278,Soluta Jeans,Fashion,Jeans,15404,12948
279,Vitae Shoes,Fashion,Shoes,61527,59792
280,Occaecati T-Shirt,Fashion,T-Shirt,15834,13200
281,Eaque T-Shirt,Fashion,T-Shirt,3138,739
282,Corrupti Jeans,Fashion,Jeans,62998,59001
283,Ab Shoes,Fashion,Shoes,12009,7317
284,Sed T-Shirt,Fashion,T-Shirt,42166,41035
285,Id T-Shirt,Fashion,T-Shirt,1221,-3534
286,Et Shoes,Fashion,Shoes,3459,2583
287,Enim T-Shirt,Fashion,T-Shirt,52975,49411
288,Enim Shoes,Fashion,Shoes,12989,11924
289,Eum T-Shirt,Fashion,T-Shirt,13979,10917
290,Explicabo Jeans,Fashion,Jeans,78838,77336
291,Illum T-Shirt,Fashion,T-Shirt,3799,-1026
292,Ut Shoes,Fashion,Shoes,16677,12881
293,Aspernatur Shoes,Fashion,Shoes,59506,55781
294,Quaerat Jeans,Fashion,Jeans,14187,13194
295,Nobis Jeans,Fashion,Jeans,20578,16613
296,Libero Jeans,Fashion,Jeans,446,-2863
297,Corrupti T-Shirt,Fashion,T-Shirt,28839,27276
298,Omnis Shoes,Fashion,Shoes,22553,20554
299,Nostrum Jeans,Fashion,Jeans,53620,51938
300,Tempora T-Shirt,Fashion,T-Shirt,10659,9300
301,Quo Washing Machine,Home Appliances,Washing Machine,1193,-1286
302,Numquam Air Cooler,Home Appliances,Air Cooler,34511,34313
303,Dignissimos Washing Machine,Home Appliances,Washing Machine,45878,45505
304,Ratione Mixer Grinder,Home Appliances,Mixer Grinder,25679,23379
305,Est Mixer Grinder,Home Appliances,Mixer Grinder,2792,-2136
306,Aperiam Washing Machine,Home Appliances,Washing Machine,10873,6560
307,Deleniti Washing Machine,Home Appliances,Washing Machine,45366,41669
308,Architecto Air Cooler,Home Appliances,Air Cooler,54254,53468
309,Ullam Mixer Grinder,Home Appliances,Mixer Grinder,33606,29219
310,Soluta Mixer Grinder,Home Appliances,Mixer Grinder,41811,39738
311,Ex Washing Machine,Home Appliances,Washing Machine,1219,-3183
312,Aperiam Washing Machine,Home Appliances,Washing Machine,18939,17080
313,Ut Mixer Grinder,Home Appliances,Mixer Grinder,57887,53832
314,Repudiandae Air Cooler,Home Appliances,Air Cooler,332,-571
315,Ducimus Air Cooler,Home Appliances,Air Cooler,59032,56301
316,Architecto Mixer Grinder,Home Appliances,Mixer Grinder,61388,59463
317,Delectus Air Cooler,Home Appliances,Air Cooler,40672,38442
318,Quod Mixer Grinder,Home Appliances,Mixer Grinder,32640,31870
319,Dolores Washing Machine,Home Appliances,Washing Machine,43497,38810
320,Culpa Mixer Grinder,Home Appliances,Mixer Grinder,52659,49037
321,Sit Washing Machine,Home Appliances,Washing Machine,72620,69653
322,Alias Mixer Grinder,Home Appliances,Mixer Grinder,4778,525
323,Itaque Washing Machine,Home Appliances,Washing Machine,4250,503
324,Reiciendis Washing Machine,Home Appliances,Washing Machine,47739,43031
325,Exercitationem Washing Machine,Home Appliances,Washing Machine,36530,34418
326,Fugiat Mixer Grinder,Home Appliances,Mixer Grinder,48408,45050
327,Quaerat Air Cooler,Home Appliances,Air Cooler,28076,26110
328,Consequuntur Mixer Grinder,Home Appliances,Mixer Grinder,6324,5157
329,Doloribus Washing Machine,Home Appliances,Washing Machine,59230,59147
330,Officia Air Cooler,Home Appliances,Air Cooler,79863,78577
331,Incidunt Air Cooler,Home Appliances,Air Cooler,63212,58550
332,Veniam Mixer Grinder,Home Appliances,Mixer Grinder,56244,53753
333,Magni Mixer Grinder,Home Appliances,Mixer Grinder,16042,13578
334,Quo Air Cooler,Home Appliances,Air Cooler,51268,50689
335,Provident Air Cooler,Home Appliances,Air Cooler,49210,46753
336,Occaecati Mixer Grinder,Home Appliances,Mixer Grinder,40112,39068
337,Nulla Air Cooler,Home Appliances,Air Cooler,7164,3159
338,Expedita Air Cooler,Home Appliances,Air Cooler,4377,3661
339,Natus Air Cooler,Home Appliances,Air Cooler,76361,74246
340,Officia Mixer Grinder,Home Appliances,Mixer Grinder,45929,42685
341,Harum Mixer Grinder,Home Appliances,Mixer Grinder,58822,57241
342,Nemo Washing Machine,Home Appliances,Washing Machine,59740,58742
343,Eum Air Cooler,Home Appliances,Air Cooler,32445,30578
344,Excepturi Washing Machine,Home Appliances,Washing Machine,2739,414
345,Laborum Washing Machine,Home Appliances,Washing Machine,60168,55759
346,Nisi Washing Machine,Home Appliances,Washing Machine,48508,45987
347,Ad Mixer Grinder,Home Appliances,Mixer Grinder,65211,65020
348,Eos Washing Machine,Home Appliances,Washing Machine,60962,56735
349,Perferendis Air Cooler,Home Appliances,Air Cooler,27083,24935
350,Quasi Mixer Grinder,Home Appliances,Mixer Grinder,56406,54800
351,Atque Washing Machine,Home Appliances,Washing Machine,52250,47659
352,Quibusdam Mixer Grinder,Home Appliances,Mixer Grinder,63595,58645
353,Possimus Air Cooler,Home Appliances,Air Cooler,52456,50913
354,Dolorum Air Cooler,Home Appliances,Air Cooler,76997,74743
355,Dolore Washing Machine,Home Appliances,Washing Machine,50930,49531
356,Ratione Washing Machine,Home Appliances,Washing Machine,39851,36211
357,Sequi Washing Machine,Home Appliances,Washing Machine,19755,15899
358,Vitae Washing Machine,Home Appliances,Washing Machine,23313,18386
359,Consectetur Mixer Grinder,Home Appliances,Mixer Grinder,16272,13551
360,Ipsam Air Cooler,Home Appliances,Air Cooler,11368,9293
361,Similique Washing Machine,Home Appliances,Washing Machine,26513,22351
362,Dignissimos Mixer Grinder,Home Appliances,Mixer Grinder,46821,44685
363,Quisquam Air Cooler,Home Appliances,Air Cooler,37842,35241
364,Ea Air Cooler,Home Appliances,Air Cooler,72794,71283
365,Reiciendis Air Cooler,Home Appliances,Air Cooler,54117,52668
366,Nulla Washing Machine,Home Appliances,Washing Machine,240,-2943
367,Ducimus Mixer Grinder,Home Appliances,Mixer Grinder,38212,33695
368,Animi Washing Machine,Home Appliances,Washing Machine,46933,45883
369,Cumque Mixer Grinder,Home Appliances,Mixer Grinder,24458,20587
370,Pariatur Mixer Grinder,Home Appliances,Mixer Grinder,22124,20892
371,Quis Mixer Grinder,Home Appliances,Mixer Grinder,21353,17774
372,Asperiores Washing Machine,Home Appliances,Washing Machine,27188,22862
373,Sapiente Mixer Grinder,Home Appliances,Mixer Grinder,29522,26485
374,Pariatur Washing Machine,Home Appliances,Washing Machine,5161,3136
375,Delectus Air Cooler,Home Appliances,Air Cooler,7767,5359
376,Reiciendis Washing Machine,Home Appliances,Washing Machine,79614,77533
377,Sunt Mixer Grinder,Home Appliances,Mixer Grinder,46918,42303
378,Culpa Air Cooler,Home Appliances,Air Cooler,31090,27561
379,Non Washing Machine,Home Appliances,Washing Machine,23662,18993
380,Quidem Washing Machine,Home Appliances,Washing Machine,64807,60563
381,Nisi Mixer Grinder,Home Appliances,Mixer Grinder,74552,70607
382,Libero Mixer Grinder,Home Appliances,Mixer Grinder,38120,36552
383,Ullam Washing Machine,Home Appliances,Washing Machine,55163,53337
384,A Washing Machine,Home Appliances,Washing Machine,40723,38156
385,Totam Washing Machine,Home Appliances,Washing Machine,18888,16460
386,Dignissimos Washing Machine,Home Appliances,Washing Machine,32671,29740
387,Qui Mixer Grinder,Home Appliances,Mixer Grinder,31751,27497
388,Quam Air Cooler,Home Appliances,Air Cooler,53489,52057
389,Iste Washing Machine,Home Appliances,Washing Machine,61389,60863
390,Debitis Air Cooler,Home Appliances,Air Cooler,74629,72841
391,Pariatur Air Cooler,Home Appliances,Air Cooler,20914,19569
392,Dolorem Washing Machine,Home Appliances,Washing Machine,18366,16258
393,Vero Washing Machine,Home Appliances,Washing Machine,37062,35026
394,Facere Washing Machine,Home Appliances,Washing Machine,62037,57750
395,In Washing Machine,Home Appliances,Washing Machine,34858,34430
396,Earum Mixer Grinder,Home Appliances,Mixer Grinder,50072,45798
397,Aut Washing Machine,Home Appliances,Washing Machine,25594,22012
398,Optio Mixer Grinder,Home Appliances,Mixer Grinder,11551,8663
399,Saepe Washing Machine,Home Appliances,Washing Machine,11391,11323
400,Quaerat Washing Machine,Home Appliances,Washing Machine,29506,27957
401,Tempora Rice Bag,Grocery,Rice Bag,70080,65652
402,Quod Rice Bag,Grocery,Rice Bag,46099,41439
403,Magni Snacks Pack,Grocery,Snacks Pack,15867,14002
404,Blanditiis Rice Bag,Grocery,Rice Bag,67505,64068
405,Earum Rice Bag,Grocery,Rice Bag,38963,34967
406,Accusantium Rice Bag,Grocery,Rice Bag,36169,35627
407,Perferendis Oil Bottle,Grocery,Oil Bottle,42273,40288
408,Accusantium Rice Bag,Grocery,Rice Bag,55393,53200
409,At Snacks Pack,Grocery,Snacks Pack,73976,73033
410,Consequuntur Rice Bag,Grocery,Rice Bag,53376,48728
411,Quis Oil Bottle,Grocery,Oil Bottle,67809,63906
412,Iure Oil Bottle,Grocery,Oil Bottle,39720,36058
413,Id Snacks Pack,Grocery,Snacks Pack,72677,72613
414,Eveniet Snacks Pack,Grocery,Snacks Pack,40638,38764
415,Totam Snacks Pack,Grocery,Snacks Pack,38125,37875
416,Aliquam Oil Bottle,Grocery,Oil Bottle,78244,77039
417,Quisquam Oil Bottle,Grocery,Oil Bottle,67676,65239
418,Dignissimos Snacks Pack,Grocery,Snacks Pack,76359,73631
419,Minus Oil Bottle,Grocery,Oil Bottle,30608,26967
420,Quod Oil Bottle,Grocery,Oil Bottle,42269,40320
421,Debitis Oil Bottle,Grocery,Oil Bottle,37790,32919
422,Non Oil Bottle,Grocery,Oil Bottle,78945,77239
423,Aperiam Oil Bottle,Grocery,Oil Bottle,40377,40078
424,Error Snacks Pack,Grocery,Snacks Pack,44890,42100
425,Rem Oil Bottle,Grocery,Oil Bottle,6621,5954
426,Maiores Snacks Pack,Grocery,Snacks Pack,2946,2725
427,Ex Oil Bottle,Grocery,Oil Bottle,52058,51408
428,Dolorem Oil Bottle,Grocery,Oil Bottle,69824,68856
429,Ab Oil Bottle,Grocery,Oil Bottle,19619,18404
430,Maiores Oil Bottle,Grocery,Oil Bottle,18243,18039
431,Rerum Snacks Pack,Grocery,Snacks Pack,27542,25065
432,Ratione Snacks Pack,Grocery,Snacks Pack,68812,65622
433,Aliquid Rice Bag,Grocery,Rice Bag,60397,58485
434,Temporibus Snacks Pack,Grocery,Snacks Pack,23708,23525
435,Nulla Oil Bottle,Grocery,Oil Bottle,50913,46157
436,Ipsam Oil Bottle,Grocery,Oil Bottle,71154,70320
437,Pariatur Oil Bottle,Grocery,Oil Bottle,32483,31610
438,Vel Rice Bag,Grocery,Rice Bag,57777,54230
439,Nulla Snacks Pack,Grocery,Snacks Pack,47902,44784
440,Repellat Oil Bottle,Grocery,Oil Bottle,27873,27320
441,Nostrum Rice Bag,Grocery,Rice Bag,71894,70596
442,Hic Snacks Pack,Grocery,Snacks Pack,36997,33046
443,Blanditiis Snacks Pack,Grocery,Snacks Pack,474,-3233
444,Minus Rice Bag,Grocery,Rice Bag,40663,39524
445,Inventore Snacks Pack,Grocery,Snacks Pack,71865,70448
446,Fuga Rice Bag,Grocery,Rice Bag,68725,65244
447,Nam Snacks Pack,Grocery,Snacks Pack,20312,18344
448,Laboriosam Snacks Pack,Grocery,Snacks Pack,50727,48356
449,Quod Rice Bag,Grocery,Rice Bag,20197,19413
450,Illo Snacks Pack,Grocery,Snacks Pack,19745,17000
451,Animi Rice Bag,Grocery,Rice Bag,50983,49166
452,Laboriosam Snacks Pack,Grocery,Snacks Pack,79845,76875
453,Blanditiis Rice Bag,Grocery,Rice Bag,76146,73093
454,Nihil Rice Bag,Grocery,Rice Bag,43298,39487
455,Id Snacks Pack,Grocery,Snacks Pack,26401,25645
456,Accusamus Rice Bag,Grocery,Rice Bag,53220,49678
457,Esse Rice Bag,Grocery,Rice Bag,40591,36154
458,Est Oil Bottle,Grocery,Oil Bottle,29011,24695
459,Omnis Rice Bag,Grocery,Rice Bag,41629,39751
460,Nam Oil Bottle,Grocery,Oil Bottle,10690,8391
461,Quis Rice Bag,Grocery,Rice Bag,69622,66291
462,Non Oil Bottle,Grocery,Oil Bottle,79833,78933
463,Explicabo Snacks Pack,Grocery,Snacks Pack,58999,54419
464,Est Oil Bottle,Grocery,Oil Bottle,74889,74399
465,Voluptatum Snacks Pack,Grocery,Snacks Pack,54446,52132
466,Ullam Rice Bag,Grocery,Rice Bag,24372,22042
467,Dolorum Oil Bottle,Grocery,Oil Bottle,45325,41298
468,Unde Oil Bottle,Grocery,Oil Bottle,7157,2744
469,Optio Snacks Pack,Grocery,Snacks Pack,20461,18532
470,Quam Snacks Pack,Grocery,Snacks Pack,53286,53127
471,Expedita Rice Bag,Grocery,Rice Bag,67381,65118
472,Odit Snacks Pack,Grocery,Snacks Pack,46534,41761
473,Quam Snacks Pack,Grocery,Snacks Pack,76082,75311
474,In Snacks Pack,Grocery,Snacks Pack,55327,54313
475,Modi Snacks Pack,Grocery,Snacks Pack,9999,8265
476,Molestiae Snacks Pack,Grocery,Snacks Pack,16297,13339
477,Soluta Rice Bag,Grocery,Rice Bag,16369,11863
478,Suscipit Oil Bottle,Grocery,Oil Bottle,23381,23070
479,Libero Oil Bottle,Grocery,Oil Bottle,75472,74455
480,Consequuntur Rice Bag,Grocery,Rice Bag,4065,2998
481,Occaecati Rice Bag,Grocery,Rice Bag,62094,58769
482,Ipsum Oil Bottle,Grocery,Oil Bottle,51513,49719
483,Facilis Oil Bottle,Grocery,Oil Bottle,1889,262
484,Magnam Snacks Pack,Grocery,Snacks Pack,64332,62782
485,Quam Rice Bag,Grocery,Rice Bag,28835,25587
486,Sint Snacks Pack,Grocery,Snacks Pack,26120,22386
487,Repudiandae Rice Bag,Grocery,Rice Bag,7278,3710
488,Molestias Snacks Pack,Grocery,Snacks Pack,65334,64499
489,Praesentium Snacks Pack,Grocery,Snacks Pack,34843,34209
490,Aliquid Oil Bottle,Grocery,Oil Bottle,38796,37022
491,Perferendis Snacks Pack,Grocery,Snacks Pack,9835,6496
492,Mollitia Rice Bag,Grocery,Rice Bag,1885,412
493,Officia Snacks Pack,Grocery,Snacks Pack,26945,26852
494,Quasi Oil Bottle,Grocery,Oil Bottle,48226,45115
495,Excepturi Oil Bottle,Grocery,Oil Bottle,21610,17094
496,Sit Snacks Pack,Grocery,Snacks Pack,73657,71189
497,Cumque Snacks Pack,Grocery,Snacks Pack,53714,52181
498,Aut Snacks Pack,Grocery,Snacks Pack,38329,37168
499,Voluptas Oil Bottle,Grocery,Oil Bottle,64373,62667
500,Explicabo Rice Bag,Grocery,Rice Bag,55236,54408
